<?xml version="1.0" encoding="UTF-8"?>
<!DOCTYPE generatorConfiguration
        PUBLIC "-//mybatis.org//DTD MyBatis Generator Configuration 1.0//EN"
        "http://mybatis.org/dtd/mybatis-generator-config_1_0.dtd">
<generatorConfiguration>
	<classPathEntry location="mysql-connector-java-5.1.26-bin.jar" />
	<classPathEntry location="up.common-1.0.44.jar" />

	<context id="my" targetRuntime="MyBatis3Simple" defaultModelType="flat">
		<commentGenerator>
			<property name="suppressDate" value="false" />
			<property name="suppressAllComments" value="true" />
		</commentGenerator>

        <!--数据库配置-->
		<jdbcConnection driverClass="com.mysql.jdbc.Driver"
            connectionURL="jdbc:mysql://localhost:3306/test" userId="root"
			password="91hb123456789!" />

		<javaTypeResolver>
			<property name="forceBigDecimals" value="false" />
		</javaTypeResolver>

        <!--生成的model 包路径 -->
        <javaModelGenerator targetPackage="com.zw.app.map" targetProject="/Users/dsk/code/zw/demo/src/main/java">
			<property name="enableSubPackages" value="true" />
			<property name="trimStrings" value="false" />
		</javaModelGenerator>

        <!--生成xml mapper文件 路径 -->
        <sqlMapGenerator targetPackage="src/main/resources/mybatis" targetProject="/Users/dsk/code/zw/demo/">
			<property name="enableSubPackages" value="true" />
		</sqlMapGenerator>

        <!-- 生成的Dao接口 的包路径 -->
        <javaClientGenerator type="XMLMAPPER" targetPackage="com.zw.app.mapper" targetProject="/Users/dsk/code/zw/demo/src/main/java">
            <property name="enableSubPackages" value="ture"/>
        </javaClientGenerator>

		<table tableName="city"
            enableUpdateByExample="false" enableDeleteByExample="false" 
            enableSelectByExample="false" selectByExampleQueryId="false" />

	</context>
</generatorConfiguration>
